,username,email,password
0,test1,test1@email.com,aYMX5Wk7Cu
1,test2,test2@email.com,aYMX5Wk7Cu
2,test3,test3@email.com,aYMX5Wk7Cu
3,test4,test4@email.com,aYMX5Wk7Cu
4,test5,test5@email.com,aYMX5Wk7Cu
5,test6,test6@email.com,aYMX5Wk7Cu
6,test7,test7@email.com,aYMX5Wk7Cu
7,test8,test8@email.com,aYMX5Wk7Cu
8,test9,test9@email.com,aYMX5Wk7Cu
9,test10,test10@email.com,aYMX5Wk7Cu
10,test11,test11@email.com,aYMX5Wk7Cu
11,test12,test12@email.com,aYMX5Wk7Cu
12,test13,test13@email.com,aYMX5Wk7Cu
13,test14,test14@email.com,aYMX5Wk7Cu
14,test15,test15@email.com,aYMX5Wk7Cu
15,test16,test16@email.com,aYMX5Wk7Cu
16,test17,test17@email.com,aYMX5Wk7Cu
17,test18,test18@email.com,aYMX5Wk7Cu
18,test19,test19@email.com,aYMX5Wk7Cu
19,test20,test20@email.com,aYMX5Wk7Cu
20,test21,test21@email.com,aYMX5Wk7Cu
21,test22,test22@email.com,aYMX5Wk7Cu
22,test23,test23@email.com,aYMX5Wk7Cu
23,test24,test24@email.com,aYMX5Wk7Cu
24,test25,test25@email.com,aYMX5Wk7Cu
25,test26,test26@email.com,aYMX5Wk7Cu
26,test27,test27@email.com,aYMX5Wk7Cu
27,test28,test28@email.com,aYMX5Wk7Cu
28,test29,test29@email.com,aYMX5Wk7Cu
29,test30,test30@email.com,aYMX5Wk7Cu
30,test31,test31@email.com,aYMX5Wk7Cu
31,test32,test32@email.com,aYMX5Wk7Cu
32,test33,test33@email.com,aYMX5Wk7Cu
33,test34,test34@email.com,aYMX5Wk7Cu
34,test35,test35@email.com,aYMX5Wk7Cu
35,test36,test36@email.com,aYMX5Wk7Cu
36,test37,test37@email.com,aYMX5Wk7Cu
37,test38,test38@email.com,aYMX5Wk7Cu
38,test39,test39@email.com,aYMX5Wk7Cu
39,test40,test40@email.com,aYMX5Wk7Cu
40,test41,test41@email.com,aYMX5Wk7Cu
41,test42,test42@email.com,aYMX5Wk7Cu
42,test43,test43@email.com,aYMX5Wk7Cu
43,test44,test44@email.com,aYMX5Wk7Cu
44,test45,test45@email.com,aYMX5Wk7Cu
45,test46,test46@email.com,aYMX5Wk7Cu
46,test47,test47@email.com,aYMX5Wk7Cu
47,test48,test48@email.com,aYMX5Wk7Cu
48,test49,test49@email.com,aYMX5Wk7Cu
49,test50,test50@email.com,aYMX5Wk7Cu
50,test51,test51@email.com,aYMX5Wk7Cu
51,test52,test52@email.com,aYMX5Wk7Cu
52,test53,test53@email.com,aYMX5Wk7Cu
53,test54,test54@email.com,aYMX5Wk7Cu
54,test55,test55@email.com,aYMX5Wk7Cu
55,test56,test56@email.com,aYMX5Wk7Cu
56,test57,test57@email.com,aYMX5Wk7Cu
57,test58,test58@email.com,aYMX5Wk7Cu
58,test59,test59@email.com,aYMX5Wk7Cu
59,test60,test60@email.com,aYMX5Wk7Cu
60,test61,test61@email.com,aYMX5Wk7Cu
61,test62,test62@email.com,aYMX5Wk7Cu
62,test63,test63@email.com,aYMX5Wk7Cu
63,test64,test64@email.com,aYMX5Wk7Cu
64,test65,test65@email.com,aYMX5Wk7Cu
65,test66,test66@email.com,aYMX5Wk7Cu
66,test67,test67@email.com,aYMX5Wk7Cu
67,test68,test68@email.com,aYMX5Wk7Cu
68,test69,test69@email.com,aYMX5Wk7Cu
69,test70,test70@email.com,aYMX5Wk7Cu
70,test71,test71@email.com,aYMX5Wk7Cu
71,test72,test72@email.com,aYMX5Wk7Cu
72,test73,test73@email.com,aYMX5Wk7Cu
73,test74,test74@email.com,aYMX5Wk7Cu
74,test75,test75@email.com,aYMX5Wk7Cu
75,test76,test76@email.com,aYMX5Wk7Cu
76,test77,test77@email.com,aYMX5Wk7Cu
77,test78,test78@email.com,aYMX5Wk7Cu
78,test79,test79@email.com,aYMX5Wk7Cu
79,test80,test80@email.com,aYMX5Wk7Cu
80,test81,test81@email.com,aYMX5Wk7Cu
81,test82,test82@email.com,aYMX5Wk7Cu
82,test83,test83@email.com,aYMX5Wk7Cu
83,test84,test84@email.com,aYMX5Wk7Cu
84,test85,test85@email.com,aYMX5Wk7Cu
85,test86,test86@email.com,aYMX5Wk7Cu
86,test87,test87@email.com,aYMX5Wk7Cu
87,test88,test88@email.com,aYMX5Wk7Cu
88,test89,test89@email.com,aYMX5Wk7Cu
89,test90,test90@email.com,aYMX5Wk7Cu
90,test91,test91@email.com,aYMX5Wk7Cu
91,test92,test92@email.com,aYMX5Wk7Cu
92,test93,test93@email.com,aYMX5Wk7Cu
93,test94,test94@email.com,aYMX5Wk7Cu
94,test95,test95@email.com,aYMX5Wk7Cu
95,test96,test96@email.com,aYMX5Wk7Cu
96,test97,test97@email.com,aYMX5Wk7Cu
97,test98,test98@email.com,aYMX5Wk7Cu
98,test99,test99@email.com,aYMX5Wk7Cu
99,test100,test100@email.com,aYMX5Wk7Cu
